Row Type,Action,Campaign,Location,Location ID
Location,Remove,IL-BAE-CORE-SEARCH,Germany,
Location,Remove,IL-BAE-PRICE-SEARCH,Germany,
Location,Remove,IL-AAC-CORE-SEARCH,Germany,
Location,Remove,IL-AAC-PRICE-SEARCH,Germany,
Location,Remove,IL-WUR-CORE-SEARCH,Germany,
Location,Remove,IL-ALS-CORE-SEARCH,Germany,
Location,Remove,IL-BRAND-SEARCH,Germany,
Location,Add,IL-BAE-CORE-SEARCH,Baesweiler,
Location,Add,IL-BAE-PRICE-SEARCH,Baesweiler,
Location,Add,IL-AAC-CORE-SEARCH,Aachen,
Location,Add,IL-AAC-PRICE-SEARCH,Aachen,
Location,Add,IL-WUR-CORE-SEARCH,Würselen,
Location,Add,IL-ALS-CORE-SEARCH,Alsdorf,
Location,Add,IL-BRAND-SEARCH,Baesweiler,
Location,Add,IL-BRAND-SEARCH,Aachen,
