Keyword,Match type,Negative keyword list
auto,Broad,IL-SHARED-ANTI-WASTE-CORE
autoscheibe,Broad,IL-SHARED-ANTI-WASTE-CORE
scheibenwischer,Broad,IL-SHARED-ANTI-WASTE-CORE
fahrzeug,Broad,IL-SHARED-ANTI-WASTE-CORE
pkw,Broad,IL-SHARED-ANTI-WASTE-CORE
lkw,Broad,IL-SHARED-ANTI-WASTE-CORE
job,Broad,IL-SHARED-ANTI-WASTE-CORE
jobs,Broad,IL-SHARED-ANTI-WASTE-CORE
stellenangebot,Broad,IL-SHARED-ANTI-WASTE-CORE
stellenanzeige,Broad,IL-SHARED-ANTI-WASTE-CORE
ausbildung,Broad,IL-SHARED-ANTI-WASTE-CORE
gehalt,Broad,IL-SHARED-ANTI-WASTE-CORE
bewerbung,Broad,IL-SHARED-ANTI-WASTE-CORE
lehrling,Broad,IL-SHARED-ANTI-WASTE-CORE
gratis,Broad,IL-SHARED-ANTI-WASTE-CORE
kostenlos,Broad,IL-SHARED-ANTI-WASTE-CORE
kostenfrei,Broad,IL-SHARED-ANTI-WASTE-CORE
umsonst,Broad,IL-SHARED-ANTI-WASTE-CORE
diy,Broad,IL-SHARED-ANTI-WASTE-CORE
tipps,Broad,IL-SHARED-ANTI-WASTE-CORE
anleitung,Broad,IL-SHARED-ANTI-WASTE-CORE
tutorial,Broad,IL-SHARED-ANTI-WASTE-CORE
fassade,Broad,IL-SHARED-ANTI-WASTE-CORE
selber,Broad,IL-SHARED-ANTI-WASTE-CORE
selbst,Broad,IL-SHARED-ANTI-WASTE-CORE
gebäudereinigung,Broad,IL-SHARED-ANTI-WASTE-CORE
youtube,Broad,IL-SHARED-ANTI-WASTE-CORE
hausmitteln,Broad,IL-SHARED-ANTI-WASTE-CORE
klarspüler,Broad,IL-SHARED-ANTI-WASTE-CORE
schlieren,Broad,IL-SHARED-ANTI-WASTE-CORE
osmose,Broad,IL-SHARED-ANTI-WASTE-CORE
spülmittel,Broad,IL-SHARED-ANTI-WASTE-CORE
essig,Broad,IL-SHARED-ANTI-WASTE-CORE
zeitungspapier,Broad,IL-SHARED-ANTI-WASTE-CORE
putzanleitung,Broad,IL-SHARED-ANTI-WASTE-CORE
bonn,Broad,IL-SHARED-ANTI-WASTE-CORE
köln,Broad,IL-SHARED-ANTI-WASTE-CORE
limburg,Broad,IL-SHARED-ANTI-WASTE-CORE
wuppertal,Broad,IL-SHARED-ANTI-WASTE-CORE
borken,Broad,IL-SHARED-ANTI-WASTE-CORE
düsseldorf,Broad,IL-SHARED-ANTI-WASTE-CORE
nippes,Broad,IL-SHARED-ANTI-WASTE-CORE
dortmund,Broad,IL-SHARED-ANTI-WASTE-CORE
krefeld,Broad,IL-SHARED-ANTI-WASTE-CORE
mönchengladbach,Broad,IL-SHARED-ANTI-WASTE-CORE
leverkusen,Broad,IL-SHARED-ANTI-WASTE-CORE
frankfurt,Broad,IL-SHARED-ANTI-WASTE-CORE
hamburg,Broad,IL-SHARED-ANTI-WASTE-CORE
berlin,Broad,IL-SHARED-ANTI-WASTE-CORE
münchen,Broad,IL-SHARED-ANTI-WASTE-CORE
essen,Broad,IL-SHARED-ANTI-WASTE-CORE
duisburg,Broad,IL-SHARED-ANTI-WASTE-CORE
siegen,Broad,IL-SHARED-ANTI-WASTE-CORE
bochum,Broad,IL-SHARED-ANTI-WASTE-CORE
gelsenkirchen,Broad,IL-SHARED-ANTI-WASTE-CORE
münster,Broad,IL-SHARED-ANTI-WASTE-CORE
maastricht,Broad,IL-SHARED-ANTI-WASTE-CORE
preise,Phrase,IL-SHARED-ANTI-WASTE-CORE
preis,Phrase,IL-SHARED-ANTI-WASTE-CORE
kosten,Phrase,IL-SHARED-ANTI-WASTE-CORE
was kostet,Phrase,IL-SHARED-ANTI-WASTE-CORE
myhammer,Phrase,IL-SHARED-ANTI-WASTE-CORE
groupon,Phrase,IL-SHARED-ANTI-WASTE-CORE
check24,Phrase,IL-SHARED-ANTI-WASTE-CORE
aroundhome,Phrase,IL-SHARED-ANTI-WASTE-CORE
blauarbeit,Phrase,IL-SHARED-ANTI-WASTE-CORE
kleinanzeigen,Phrase,IL-SHARED-ANTI-WASTE-CORE
ohne streifen,Phrase,IL-SHARED-ANTI-WASTE-CORE
wie putze,Phrase,IL-SHARED-ANTI-WASTE-CORE
wie putzt,Phrase,IL-SHARED-ANTI-WASTE-CORE
wie reinige,Phrase,IL-SHARED-ANTI-WASTE-CORE
streifenfrei putzen,Phrase,IL-SHARED-ANTI-WASTE-CORE
frag mutti,Phrase,IL-SHARED-ANTI-WASTE-CORE
mit klarspüler,Phrase,IL-SHARED-ANTI-WASTE-CORE
mit hausmitteln,Phrase,IL-SHARED-ANTI-WASTE-CORE
richtig fenster,Phrase,IL-SHARED-ANTI-WASTE-CORE
how to clean windows,Phrase,IL-SHARED-ANTI-WASTE-CORE
window cleaning tip,Phrase,IL-SHARED-ANTI-WASTE-CORE
auto,Broad,IL-SHARED-ANTI-WASTE-PRICE
autoscheibe,Broad,IL-SHARED-ANTI-WASTE-PRICE
scheibenwischer,Broad,IL-SHARED-ANTI-WASTE-PRICE
fahrzeug,Broad,IL-SHARED-ANTI-WASTE-PRICE
pkw,Broad,IL-SHARED-ANTI-WASTE-PRICE
lkw,Broad,IL-SHARED-ANTI-WASTE-PRICE
job,Broad,IL-SHARED-ANTI-WASTE-PRICE
jobs,Broad,IL-SHARED-ANTI-WASTE-PRICE
stellenangebot,Broad,IL-SHARED-ANTI-WASTE-PRICE
stellenanzeige,Broad,IL-SHARED-ANTI-WASTE-PRICE
ausbildung,Broad,IL-SHARED-ANTI-WASTE-PRICE
gehalt,Broad,IL-SHARED-ANTI-WASTE-PRICE
bewerbung,Broad,IL-SHARED-ANTI-WASTE-PRICE
lehrling,Broad,IL-SHARED-ANTI-WASTE-PRICE
gratis,Broad,IL-SHARED-ANTI-WASTE-PRICE
kostenlos,Broad,IL-SHARED-ANTI-WASTE-PRICE
kostenfrei,Broad,IL-SHARED-ANTI-WASTE-PRICE
umsonst,Broad,IL-SHARED-ANTI-WASTE-PRICE
diy,Broad,IL-SHARED-ANTI-WASTE-PRICE
tipps,Broad,IL-SHARED-ANTI-WASTE-PRICE
anleitung,Broad,IL-SHARED-ANTI-WASTE-PRICE
tutorial,Broad,IL-SHARED-ANTI-WASTE-PRICE
fassade,Broad,IL-SHARED-ANTI-WASTE-PRICE
selber,Broad,IL-SHARED-ANTI-WASTE-PRICE
selbst,Broad,IL-SHARED-ANTI-WASTE-PRICE
gebäudereinigung,Broad,IL-SHARED-ANTI-WASTE-PRICE
youtube,Broad,IL-SHARED-ANTI-WASTE-PRICE
hausmitteln,Broad,IL-SHARED-ANTI-WASTE-PRICE
klarspüler,Broad,IL-SHARED-ANTI-WASTE-PRICE
schlieren,Broad,IL-SHARED-ANTI-WASTE-PRICE
osmose,Broad,IL-SHARED-ANTI-WASTE-PRICE
spülmittel,Broad,IL-SHARED-ANTI-WASTE-PRICE
essig,Broad,IL-SHARED-ANTI-WASTE-PRICE
zeitungspapier,Broad,IL-SHARED-ANTI-WASTE-PRICE
putzanleitung,Broad,IL-SHARED-ANTI-WASTE-PRICE
bonn,Broad,IL-SHARED-ANTI-WASTE-PRICE
köln,Broad,IL-SHARED-ANTI-WASTE-PRICE
limburg,Broad,IL-SHARED-ANTI-WASTE-PRICE
wuppertal,Broad,IL-SHARED-ANTI-WASTE-PRICE
borken,Broad,IL-SHARED-ANTI-WASTE-PRICE
düsseldorf,Broad,IL-SHARED-ANTI-WASTE-PRICE
nippes,Broad,IL-SHARED-ANTI-WASTE-PRICE
dortmund,Broad,IL-SHARED-ANTI-WASTE-PRICE
krefeld,Broad,IL-SHARED-ANTI-WASTE-PRICE
mönchengladbach,Broad,IL-SHARED-ANTI-WASTE-PRICE
leverkusen,Broad,IL-SHARED-ANTI-WASTE-PRICE
frankfurt,Broad,IL-SHARED-ANTI-WASTE-PRICE
hamburg,Broad,IL-SHARED-ANTI-WASTE-PRICE
berlin,Broad,IL-SHARED-ANTI-WASTE-PRICE
münchen,Broad,IL-SHARED-ANTI-WASTE-PRICE
essen,Broad,IL-SHARED-ANTI-WASTE-PRICE
duisburg,Broad,IL-SHARED-ANTI-WASTE-PRICE
siegen,Broad,IL-SHARED-ANTI-WASTE-PRICE
bochum,Broad,IL-SHARED-ANTI-WASTE-PRICE
gelsenkirchen,Broad,IL-SHARED-ANTI-WASTE-PRICE
münster,Broad,IL-SHARED-ANTI-WASTE-PRICE
maastricht,Broad,IL-SHARED-ANTI-WASTE-PRICE
myhammer,Phrase,IL-SHARED-ANTI-WASTE-PRICE
groupon,Phrase,IL-SHARED-ANTI-WASTE-PRICE
check24,Phrase,IL-SHARED-ANTI-WASTE-PRICE
aroundhome,Phrase,IL-SHARED-ANTI-WASTE-PRICE
blauarbeit,Phrase,IL-SHARED-ANTI-WASTE-PRICE
kleinanzeigen,Phrase,IL-SHARED-ANTI-WASTE-PRICE
ohne streifen,Phrase,IL-SHARED-ANTI-WASTE-PRICE
wie putze,Phrase,IL-SHARED-ANTI-WASTE-PRICE
wie putzt,Phrase,IL-SHARED-ANTI-WASTE-PRICE
wie reinige,Phrase,IL-SHARED-ANTI-WASTE-PRICE
streifenfrei putzen,Phrase,IL-SHARED-ANTI-WASTE-PRICE
frag mutti,Phrase,IL-SHARED-ANTI-WASTE-PRICE
mit klarspüler,Phrase,IL-SHARED-ANTI-WASTE-PRICE
mit hausmitteln,Phrase,IL-SHARED-ANTI-WASTE-PRICE
richtig fenster,Phrase,IL-SHARED-ANTI-WASTE-PRICE
how to clean windows,Phrase,IL-SHARED-ANTI-WASTE-PRICE
window cleaning tip,Phrase,IL-SHARED-ANTI-WASTE-PRICE
auto,Broad,IL-SHARED-ANTI-WASTE-BRAND
job,Broad,IL-SHARED-ANTI-WASTE-BRAND
jobs,Broad,IL-SHARED-ANTI-WASTE-BRAND
gratis,Broad,IL-SHARED-ANTI-WASTE-BRAND
kostenlos,Broad,IL-SHARED-ANTI-WASTE-BRAND
diy,Broad,IL-SHARED-ANTI-WASTE-BRAND
anleitung,Broad,IL-SHARED-ANTI-WASTE-BRAND
selber,Broad,IL-SHARED-ANTI-WASTE-BRAND
youtube,Broad,IL-SHARED-ANTI-WASTE-BRAND
hausmitteln,Broad,IL-SHARED-ANTI-WASTE-BRAND
klarspüler,Broad,IL-SHARED-ANTI-WASTE-BRAND
tutorial,Broad,IL-SHARED-ANTI-WASTE-BRAND
myhammer,Phrase,IL-SHARED-ANTI-WASTE-BRAND
groupon,Phrase,IL-SHARED-ANTI-WASTE-BRAND
check24,Phrase,IL-SHARED-ANTI-WASTE-BRAND
wie putze,Phrase,IL-SHARED-ANTI-WASTE-BRAND
ohne streifen,Phrase,IL-SHARED-ANTI-WASTE-BRAND
frag mutti,Phrase,IL-SHARED-ANTI-WASTE-BRAND
kleinanzeigen,Phrase,IL-SHARED-ANTI-WASTE-BRAND
