Campaign,Shared negative keyword list
IL-AAC-CORE-SEARCH,IL-SHARED-ANTI-WASTE-CORE
IL-BAE-CORE-SEARCH,IL-SHARED-ANTI-WASTE-CORE
IL-WUR-CORE-SEARCH,IL-SHARED-ANTI-WASTE-CORE
IL-ALS-CORE-SEARCH,IL-SHARED-ANTI-WASTE-CORE
IL-ESC-CORE-SEARCH,IL-SHARED-ANTI-WASTE-CORE
IL-HER-CORE-SEARCH,IL-SHARED-ANTI-WASTE-CORE
IL-STO-CORE-SEARCH,IL-SHARED-ANTI-WASTE-CORE
IL-UBP-CORE-SEARCH,IL-SHARED-ANTI-WASTE-CORE
IL-ROE-CORE-SEARCH,IL-SHARED-ANTI-WASTE-CORE
IL-JUL-CORE-SEARCH,IL-SHARED-ANTI-WASTE-CORE
IL-GEI-CORE-SEARCH,IL-SHARED-ANTI-WASTE-CORE
IL-HEI-CORE-SEARCH,IL-SHARED-ANTI-WASTE-CORE
IL-ERK-CORE-SEARCH,IL-SHARED-ANTI-WASTE-CORE
IL-MON-CORE-SEARCH,IL-SHARED-ANTI-WASTE-CORE
IL-AAC-PRICE-SEARCH,IL-SHARED-ANTI-WASTE-PRICE
IL-BAE-PRICE-SEARCH,IL-SHARED-ANTI-WASTE-PRICE
IL-BRAND-SEARCH,IL-SHARED-ANTI-WASTE-BRAND
